{"Accuracy: ": 0.7083333333333334, "Precision: ": 0.8571428571428571, "Recall: ": 0.5, "F1-score:": 0.631578947368421}